shape,M,K,fp4_us(p50),bf16_us(p50),speedup
gemma-1152,522,1152,20.3,28.2,1.39x
gemma-1152,778,1152,21.2,39.0,1.83x
gemma-1152,2048,1152,28.9,61.3,2.12x
mlp-3072x1024,522,1024,24.2,51.6,2.13x
mlp-3072x1024,778,1024,26.6,69.2,2.60x
mlp-3072x1024,2048,1024,40.0,137.4,3.43x
mlp-4096x1024,522,1024,23.6,57.0,2.41x
mlp-4096x1024,778,1024,37.7,85.8,2.28x
mlp-4096x1024,2048,1024,48.7,179.2,3.68x
big-16384x2048,522,2048,89.2,413.9,4.64x
big-16384x2048,778,2048,125.0,623.8,4.99x
big-16384x2048,2048,2048,237.6,1277.3,5.38x
attn-2048x2048,522,2048,25.6,55.6,2.18x
attn-2048x2048,778,2048,34.0,92.4,2.72x
attn-2048x2048,2048,2048,57.2,183.0,3.20x
geglu-4304x1152,522,1152,32.4,74.9,2.31x
geglu-4304x1152,778,1152,40.5,94.0,2.32x
geglu-4304x1152,2048,1152,56.6,210.6,3.72x
