shape,M,N,K,samples,warmup,weight_tensor_scale,fp4_us_p50,bf16_us_p50,speedup,fp4_check_max_abs,bf16_check_max_abs,status
gemma-1152,522,1152,1152,30,10,0.25,38.096000,23.344001,0.612768,0,0,ok
gemma-1152,778,1152,1152,30,10,0.25,28.096000,30.751999,1.094533,0,0,ok
gemma-1152,2048,1152,1152,30,10,0.25,40.656000,62.511999,1.537584,0,0,ok
mlp-3072x1024,522,3072,1024,30,10,0.25,29.904000,40.736001,1.362226,0,0,ok
mlp-3072x1024,778,3072,1024,30,10,0.25,34.800000,58.639999,1.685057,0,0,ok
mlp-3072x1024,2048,3072,1024,30,10,0.25,54.912001,140.864000,2.565268,0,0,ok
mlp-4096x1024,522,4096,1024,30,10,0.25,31.903999,59.152000,1.854062,0,0,ok
mlp-4096x1024,778,4096,1024,30,10,0.25,35.424000,87.296002,2.464318,0,0,ok
mlp-4096x1024,2048,4096,1024,30,10,0.25,64.528000,198.448002,3.075378,0,0,ok
big-16384x2048,522,16384,2048,30,10,0.25,100.671999,407.087997,4.043706,0,0,ok
big-16384x2048,778,16384,2048,30,10,0.25,125.023998,579.999983,4.639109,0,0,ok
big-16384x2048,2048,16384,2048,30,10,0.25,303.823993,1467.664003,4.830639,0,0,ok
attn-2048x2048,522,2048,2048,30,10,0.25,42.288000,56.240000,1.329928,0,0,ok
attn-2048x2048,778,2048,2048,30,10,0.25,56.335999,69.776002,1.238569,0,0,ok
attn-2048x2048,2048,2048,2048,30,10,0.25,73.328000,195.520006,2.666376,0,0,ok
geglu-4304x1152,522,4304,1152,30,10,0.25,36.575999,64.656001,1.767717,0,0,ok
geglu-4304x1152,778,4304,1152,30,10,0.25,47.327999,85.951999,1.816092,0,0,ok
geglu-4304x1152,2048,4304,1152,30,10,0.25,70.464000,223.632000,3.173706,0,0,ok
