dtype,tag,M,N,K,ok,algos,ms,tflops,gbps,note
bf16,prefill-s,2048,2048,2048,1,4,0.1894,90.69,177.14,
fp8,prefill-s,2048,2048,2048,1,4,0.0640,268.63,393.50,
nvfp4,prefill-s,2048,2048,2048,1,4,0.0412,417.15,521.95,
mxfp4,prefill-s,2048,2048,2048,0,0,0.0000,0.00,0.00,heuristic: 7 algos=0
bf16,prefill-m,4096,2048,2048,1,4,0.3756,91.49,156.35,
fp8,prefill-m,4096,2048,2048,1,4,0.1325,259.34,348.24,
nvfp4,prefill-m,4096,2048,2048,1,4,0.0779,441.14,521.67,
mxfp4,prefill-m,4096,2048,2048,0,0,0.0000,0.00,0.00,heuristic: 7 algos=0
bf16,prefill-l,4096,8192,2048,1,4,1.3915,98.77,132.62,
fp8,prefill-l,4096,8192,2048,1,4,0.5131,267.84,310.60,
nvfp4,prefill-l,4096,8192,2048,1,4,0.2962,464.06,500.98,
mxfp4,prefill-l,4096,8192,2048,0,0,0.0000,0.00,0.00,heuristic: 7 algos=0
bf16,prefall-xl,8192,2048,4096,1,4,1.5466,88.86,97.63,
fp8,prefall-xl,8192,2048,4096,1,4,0.4975,276.27,219.21,
nvfp4,prefall-xl,8192,2048,4096,1,4,0.2727,503.91,332.55,
mxfp4,prefall-xl,8192,2048,4096,0,0,0.0000,0.00,0.00,heuristic: 7 algos=0
bf16,square-l,4096,4096,4096,1,4,1.4864,92.46,90.30,
fp8,square-l,4096,4096,4096,1,4,0.4887,281.23,205.98,
nvfp4,square-l,4096,4096,4096,1,4,0.2715,506.24,316.71,
mxfp4,square-l,4096,4096,4096,0,0,0.0000,0.00,0.00,heuristic: 7 algos=0
bf16,b1-s,1,4096,4096,1,4,0.0434,0.77,773.74,
fp8,b1-s,1,4096,4096,1,4,0.0134,2.50,1252.51,
nvfp4,b1-s,1,4096,4096,1,4,0.0221,1.52,428.48,
mxfp4,b1-s,1,4096,4096,0,0,0.0000,0.00,0.00,heuristic: 7 algos=0
bf16,b1-l,1,8192,2048,1,4,0.0634,0.53,529.94,
fp8,b1-l,1,8192,2048,1,4,0.0113,2.97,1489.92,
nvfp4,b1-l,1,8192,2048,1,4,0.0182,1.85,520.78,
mxfp4,b1-l,1,8192,2048,0,0,0.0000,0.00,0.00,heuristic: 7 algos=0
bf16,b4-l,4,8192,2048,1,4,0.0313,4.29,1078.31,
fp8,b4-l,4,8192,2048,1,4,0.0103,13.02,1640.41,
nvfp4,b4-l,4,8192,2048,1,4,0.0167,8.02,571.97,
mxfp4,b4-l,4,8192,2048,0,0,0.0000,0.00,0.00,heuristic: 7 algos=0
bf16,b16-l,16,8192,2048,1,4,0.0125,42.80,2722.10,
fp8,b16-l,16,8192,2048,1,4,0.0118,45.36,1464.60,
nvfp4,b16-l,16,8192,2048,1,4,0.0132,40.82,758.78,
mxfp4,b16-l,16,8192,2048,0,0,0.0000,0.00,0.00,heuristic: 7 algos=0
